<content type="html" background="images/bg/bg2.jpg" image="images/content/about/side/business_current.jpg">
<page title="គណនីចរន្តអាជីវកម្ម">

<tab title="ត្រលប់ទៅទំព័រដើម"><![CDATA[
<p>គណនីចរន្តអាជីវកម្មរបស់ធនាគារ ហុងលីអុង ជាជំរើសដ៏ល្អ សម្រាប់ក្រុមហ៊ុន សាជីវកម្ម និងអង្គការ ដែលមានតម្រូវការធ្វើ<br>
  ប្រតិបត្តិការទ្រង់ទ្រាយធំ និងជាប្រចាំ ។</p>
<p><b>លក្ខណៈសម្គាល់និងអត្ថប្រយោជន៏</b>៖</p>
<ul>
  <li>អាចបើកគណនីជាប្រាក់ខ្មែររៀល ឬ ប្រាក់ដុល្លារសហរដ្ឋអាមេរិក </li>
  <li> អាចធ្វើប្រតិបិត្តការតាមរយៈសៀវភៅមូលប្បទានប័ត្រ</li>
  <li>ផ្តល់ជូនឥណទានវិបារូបរ៍តាមរយៈការព្រមព្រៀង</li>
  <li>គ្មានកំណត់លើចំនួនដងនៃការដកប្រាក់តាមរយៈ<br>
  មូលប្បទានប័ត្រនិងបញ្ជរបេឡា</li>
</ul>
<p><b>លក្ខខណ្ឌនិងការកំណត់</b>៖</p>
<ul>
  <li>ទឹកប្រាក់អប្បបរិមាក្នុងការបើកគណនីលើកដំបូងចាប់ពី 500  ដុល្លារអាមេរិក ឬ 2,000,000 រៀល</li>
  <li>ទឹកប្រាក់អប្បបរិមារក្សាក្នុងគណនីត្រឹម 50 ដុល្លារអាមេរិក ឬ 200,000 រៀល</li>
  <li> គណនីនេះបើកជាលក្ខណៈក្រុមហ៊ុន ឬ អាជីវកម្ម</li>
</ul>
<p><b>ឯកសារចាំបាច់ដើម្បីបើកគណនីសម្រាប់ក្រុមហ៊ុន</b>៖</p>
<ul>
  <li>អត្តសញ្ញាណប័ណ្ណសញ្ជាតិខ្មែរ ឬ លិខិតឆ្លងដែនរបស់<br>
    ក្រុមប្រឹក្សាភិបាល អ្នកតំណាងស្របច្បាប់សំរាប់ការគ្រប់គ្រង<br>
  គណនី និង ហត្ថលេខីមានការអនុញ្ញតិ</li>
  <li>វិញ្ញាបនប័ត្រចេញដោយក្រសួងពាណិជ្ជកម្ម</li>
  <li>លក្ខន្តិកៈក្រុមហ៊ុន</li>
  <li> លិខិតគោលការណ៏ចេញដោយក្រសួងពាណិជ្ជកម្ម</li>
  <li> ប្រកាសប្រតិវេទន៏ប្រចាំឆ្នាំចុងក្រោយជាមួយ<br>
  ក្រសួងពាណិជ្ជកម្ម</li>
  <li> ប័ណ្ណប៉ាតង់ឆ្នាំចុងក្រោយ</li>
  <li> សេចក្តីសម្រេចរបស់ក្រុមប្រឹក្សាភិបាលនិងម្ចាស់ភាគហ៊ុន</li>
  <li>ឯកសារផ្សេងៗអាស្រ័យលើប្រភេទស្ថាប័ន ក្រុមហ៊ុន។</li>
</ul>
]]>
</tab>

</page>
</content>

