<content type="html" background="images/bg/bg2.jpg" image="images/content/about/side/business_commercial.jpg">
<page title="សេវាឥណទានពាណិជ្ជកម្ម">
<tab title="ត្រលប់ទៅទំព័រដើម"><![CDATA[
<p>ធនាគារ ហុង លីអុង មានជំនាញក្នុងការវាយតម្លៃ និង ផ្តល់ជូន ឥណទានដល់ក្រុមហ៊ុន សាជីវកម្ម  សហគ្រាសធុនតូច និង មធ្យម។ ការកើនឡើងនៃវត្តមានរបស់យើងខ្ញុំនៅក្នុងតំបន់បាន<br>
  អនុញាតិឲ្យធនាគារមានលទ្ធភាពក្នុងការផ្តល់សេវាកម្មដល់អតិថិជន កាន់តែប្រសើរជាមួយសំណុំឥណទានដែលអាចឆ្លើយតបនឹងតម្រូវការរបស់អតិថិជនប្រកបដោយ ប្រសិទ្ធិភាព និង សម្ងាត់ក្នុង<br>
  អត្រាការប្រាក់ប្រកួតប្រជែង។</p>
<p>ធនាគារហុងលីអុងគឺជាជម្រើសទី 1 របស់លោកអ្នកដែលមានបំណង ស្នើសុំឥណទានដើម្បីពង្រីកអាជីវកម្ម ឬ បង្កើតអាជីវកម្ម។ ផលិតផលយើងខ្ញុំរួមមាន៖</p>
<ul>
  <li>ឥណទានវិបារូបរ៍<br>
</li>
  <li>ឥណទានមានកាលកំណត់</li>
</ul>
<p><b>ឥណទានវិបារូបរ៍</b><br>
  <br>
  ឥណទានវិបារូបរ៍គឺជាប្រភេទឥណទានដែលមានលក្ខណៈងាយស្រួល <br>
  និង បត់បែនដោយមិនតម្រូវឲ្យមានការបង់រំលោះនូវចំនួនណាមួយនៃ<br>
កាលបរិច្ឆេទ។ អតិថិជនអាចដកយកឥណទានទៅប្រើប្រាស់នៅ ពេលដែលមានតម្រូវការ ចំណែកឯការប្រាក់ត្រូវបានគណនាទៅតាម ចំនួនដែលបានដកយកប៉ុណ្ណោះ។ គោលបំណងនៃឥណទាន វិបារូបរ៍ គឺដើម្បីឆ្លើយតបនឹងតម្រូវការទុនបង្វិលក្នុងអាជីវកម្មរបស់លោកអ្នក។</p>
<p><b>លក្ខណៈសម្គាល់</b></p>
<ul>
  <li>ជាឥណទានរយៈពេលខ្លី និង អាចបន្តបាន<br>
</li>
  <li>គ្មានការកំណត់លើការសងប្រាក់រំលោះ</li>
  <li>មានភាពងាយស្រួល និង បត់បែនក្នុងការដកយកទៅប្រើប្រាក់នៅពេលមានតម្រូវការ</li>
</ul>
<p><b>ឥណទានមានកាលកំណត់</b><br>
  <br>
  ឥណទានមានកាលកំណត់គឺជាប្រភេទឥណទានសំរាប់រយៈពេល<br>
  មានកាលកំណត់ និង គោលបំណងច្បាស់លាស់។ ឥណទាននេះ<br>
  ត្រូវបានប្រើប្រាស់ជាទូទៅសម្រាប់ហិរញ្ញប្បទានទិញទំនិញ<br>
មូលធន និង អចលនវត្ថុ និង អគារ សម្រាប់ប្រតិបត្តិការអាជីវកម្ម។ រយៈពេលកំណត់ត្រូវសង ជាទូទៅត្រូវបានកំណត់ដើម្បីឆ្លើយតបទៅនឹងតម្រូវការហិរញ្ញប្បទានអាជីវកម្មរយៈពេលខ្លី ឬ វែង។</p>
<p><b>លក្ខណៈសម្គាល់</b></p>
<ul>
  <li>ឥណទាននេះមានរយៈខ្លី មធ្យម និង វែង</li>
  <li> រយៈពេលឥណទានអាចផ្តល់ជូនរហូតដល់ 10 ឆ្នាំ</li>
  <li>ចំនួនទឹកប្រាក់ត្រូវបង់រំលោះប្រចាំខែនិងពេលវេលាត្រូវបាន<br>
  កំណត់ច្បាស់លាស់</li>
</ul>


]]>
	</tab>
</page>
</content>