<content type="html" background="images/bg/bg2.jpg" image="images/content/about/side/business_bearing.jpg">
<page title="គណនីអាជីវកម្មទទួលបានការប្រាក់">
<tab title="ត្រលប់ទៅទំព័រដើម"><![CDATA[
<p>ធនាគារហុងលីអុង បានយល់ច្បាស់អំពីតម្រូវការអតិថិជនរបស់ខ្លួន ដើម្បីផ្តល់ជូននូវអត្រារការប្រាក់សមរម្យ និងដំណោះស្រាយភ្លាមៗដែលជាមធ្យោបាយល្អក្នុងការគ្រប់គ្រងនូវលំហូរសាច់ប្រាក់អាជីវកម្មរបស់លោកអ្នក។ ធនាគារយើងខ្ញុំបានផ្តល់ជូនអត្រាការប្រាក់ជាទីពេញចិត្តមួយ ដើម្បីសមស្របទៅនឹងចំនួនទឹកប្រាក់ដែលអ្នកមាន<br>
  បំណងដាក់បញ្ញើ។</p>
<p><b>លក្ខណៈសម្គាល់និងអត្ថប្រយោជន៏៖</b></p>
<ul>
  <li>អាចបើកគណនីជាប្រាក់ខ្មែររៀល ឬ ប្រាក់ដុល្លារសហរដ្ឋអាមេរិក </li>
  <li> ការប្រាក់ត្រូវបានគណនានៅរាល់ចុងថ្ងៃនៃសមតុល្យសាច់ប្រាក់</li>
  <li> ប្រធានទំនាក់ទំនងនឹងត្រូវបានតែងតាំងសម្រាប់ជាជំនួយដល់ ការគ្រប់គ្រងគណនីរបស់អតិថិជនដោយប្រសិទិ្ធភាព</li>
</ul>
<p><b>លក្ខខណ្ឌនិងការកំណត់៖</b></p>
<ul>
  <li>ទឹកប្រាក់អប្បបរិមាក្នុងការបើកគណនីលើកដំបូងចាប់ពី 5,000   ដុល្លារអាមេរិក ឬ 200,000,000 រៀល</li>
  <li>ទឹកប្រាក់អប្បបរិមារក្សាក្នុងគណនីត្រឹម 500  ដុល្លារអាមេរិក ឬ 2,000,000 រៀល</li>
  <li>គណនីនេះបើកជាលក្ខណៈក្រុមហ៊ុន ឬ អាជីវកម្ម</li>
</ul>
<p><b>ឯកសារចាំបាច់ដើម្បីបើកគណនីសម្រាប់ក្រុមហ៊ុន៖</b></p>
<ul>
  <li>អត្តសញ្ញាណប័ណ្ណសញ្ជាតិខ្មែរ ឬ លិខិតឆ្លងដែនរបស់<br>
    ក្រុមប្រឹក្សាភិបាល អ្នកតំណាងស្របច្បាប់សម្រាប់ការ<br>
  គ្រប់គ្រងគណនី និង ហត្ថលេខីមានការអនុញ្ញតិ</li>
  <li>វិញ្ញាបនប័ត្រចេញដោយក្រសួងពាណិជ្ជកម្ម</li>
  <li> លក្ខន្តិកៈក្រុមហ៊ុន</li>
  <li>លិខិតគោលការណ៏ចេញដោយក្រសួងពាណិជ្ជកម្ម</li>
  <li> ប្រកាសប្រតិវេទន៏ប្រចាំឆ្នាំចុងក្រោយជាមួយក្រសួងពាណិជ្ជកម្ម</li>
  <li>ប័ណ្ណប៉ាតង់ឆ្នាំចុងក្រោយ</li>
  <li>សេចក្តីសម្រេចរបស់ក្រុមប្រឹក្សាភិបាលនិងម្ចាស់ភាគហ៊ុន</li>
  <li> ឯកសារផ្សេងៗអាស្រ័យលើប្រភេទស្ថាប័ន ក្រុមហ៊ុន។</li>
</ul>
]]>
</tab>

</page>
</content>

