<content type="html" background="images/bg/bg2.jpg" image="images/content/about/side/remittance.jpg">
<page title="សេវាផ្ទេរប្រាក់">
<tab title="ត្រលប់ទៅទំព័រដើម"><![CDATA[
<p>ធនាគារហុងលីអុង ផ្តល់ជូននូវសេវាផ្ទេរប្រាក់ក្នុងប្រទេសនិងក្រៅ ប្រទេសយ៉ាងរហ័ស ប្រកបដោយសុវត្ថិភាព និងមានភាពងាយស្រួលទៅដល់សមាជិកក្រុមគ្រួសារ ឬ អ្នកផ្គត់ផ្គង់ ។</p>
<p><b>លក្ខណៈសម្គាល់និងអត្ថប្រយោជន៏៖</b></p>
<ul>
  <li>មានបណ្តាញរឹងមាំក្នុងតំបន់តាមរយៈវត្តមាននៅប្រទេស<br>
  ម៉ាឡេស៊ី  សាំងហ្គាពួរ វៀតណាម ហុងកុង និង កម្ពុជា</li>
  <li>ផ្ទេរប្រាក់ឆាប់រហ័ស និងមានសុវត្ថិភាព ទាំងក្នុងប្រទេស និងក្រៅប្រទេស</li>
  <li>ផ្ទេរប្រាក់ជាមួយនឹងរូបិយប័ណ្ណច្រើនប្រភេទ</li>
</ul>
<p><b>តារាងកម្រៃសេវាកម្ម និង កម្រៃផ្សេងៗ</b></p>
<table width="100%" border="0" cellspacing="2" cellpadding="0">
  <tr>
    <th width="46%">សេវាកម្ម</th>
    <th width="14%">កម្រៃសេវា</th>
    <th width="20%">កម្រៃ<br>
    ទូរសារ </th>
    <th width="20%">កម្រៃគិតជា<br>
    អប្បបរិមា</th>
  </tr>
  <tr class="table_row">
    <td>ផ្ទេរប្រាក់ចូល(នៅក្នុងប្រទេស)</td>
    <td>ឥតគិតថ្លៃ</td>
    <td>&nbsp;</td>
    <td>&nbsp;</td>
  </tr>
  <tr>
    <td>ផ្ទេរប្រាក់ចូល(ពីក្រៅប្រទេស)</td>
    <td>ឥតគិតថ្លៃ</td>
    <td>&nbsp;</td>
    <td>&nbsp;</td>
  </tr>
  <tr class="table_row">
    <td> ផ្ទេរប្រាក់ចេញ(នៅក្នុងប្រទេស)</td>
    <td>0.10%</td>
    <td>&nbsp;</td>
    <td>2 ដុល្លារ</td>
  </tr>
  <tr>
    <td>ផ្ទេរប្រាក់ចេញ(ទៅក្រៅប្រទេស)</td>
    <td>0.20%</td>
    <td>15 ដុល្លារ</td>
    <td>5 ដុល្លារ</td>
  </tr>
  <tr class="table_row">
    <td>លុបចោលប្រតិបត្តិការ</td>
    <td>10 ដុល្លារ</td>
    <td>15 ដុល្លារ</td>
    <td>&nbsp;</td>
  </tr>
</table>
<p>&nbsp;</p>
<table width="100%" border="0" cellspacing="2" cellpadding="0">
  <tr>
    <th>សេវាកម្ម</th>
    <th>កម្រៃសេវា</th>
    <th>កម្រៃគិតជា<br>
    អប្បបរិមា</th>
  </tr>
  <tr class="table_row">
    <td>មូលប្បទានប័ត្រធនាគាររិក</td>
    <td>5 ដុល្លារ</td>
    <td>&nbsp;</td>
  </tr>
  <tr>
    <td>សេវាប្រមូលប្រាក់សម្រាប់<br>
    រូបិយាណត្តិធនាគារ</td>
    <td>0.12%</td>
    <td>40 ដុល្លារ</td>
  </tr>
</table>
<p>&nbsp;</p>
]]>
</tab>
</page>
</content>