<menu states="សូមជ្រើសរើស|ត្រលប់ទៅប្រភេទសេវាកម្ម|ត្រលប់ទៅប្រភេទសេវាកម្ម" languageSelection="សូមជ្រើសរើសភាសា">
  <menu label="ឥណទានសម្រាប់អាជីវកម្ម និងអតិថិជនបុគ្គល">
    <menu label="សេវាធនាគារឥណទានសម្រាប់អតិថិជនបុគ្គល" data="data/khmer/loans/consumer_lending.xml" type="html"/>
		<menu label="គណនីអាជីកម្មសំរាប់ឥណទានពាណិជ្ជកម្ម" data="data/khmer/business_deposits/business_account_commercial_banking.xml" type="html"/>
  </menu>

  <menu label="ប្រាក់បញ្ញើអាជីវកម្ម">
    <menu label="គណនីចរន្ដអាជីវកម្ម" data="data/khmer/business_deposits/business_current_account.xml" type="html"/>
    <menu label="គណនីចរន្ដអាជីវកម្មទទួលការប្រាក់" data="data/khmer/business_deposits/business_account_bearing_interest.xml" type="html"/>
  </menu>
  <menu label="សេវាផ្ទេរប្រាក់">
		<menu label="សេវាផ្ទេរប្រាក់" data="data/khmer/business_deposits/remittance.xml" type="html"/>
	</menu>
  <menu label="ប្រាក់បញ្ញើ">
    <menu label="គណនីចរន្ដ" data="data/khmer/deposits/current_account.xml" type="html"/>
    <menu label="ប្រាក់បញ្ញើមានកាលកំណត់" data="data/khmer/deposits/fixed_deposit.xml" type="html"/>
    <menu label="គណនីសេវាអាទិភាព" data="data/khmer/deposits/priority_banking.xml" type="html"/>
    <menu label="គណនីប្រាក់សន្សំ" data="data/khmer/deposits/saving.xml" type="html"/>
  </menu>

  <menu label="សេវាហិរញ្ញប្បទានពាណិជ្ជកម្ម និងសេវារតនាគារ">
    <menu label="សេវាហិរញ្ញប្បទានពាណិជ្ជកម្ម" data="data/khmer/trade_finance/trade_service.xml" type="html"/>
    <menu label="សេវារតនាគារ" data="data/khmer/trade_finance/treasury_service.xml" type="html"/>
    </menu>
</menu>

