<content type="html" background="images/bg/bg2.jpg" image="images/content/about/side/current_account.jpg">
<page title="គណនីចរន្ត">

<tab title="ត្រលប់ទៅទំព័រដើម"><![CDATA[
<p>គណនីចរន្តរបស់ធនាគារហុងលីអុងបង្កើតឡើងសម្រាប់អតិថិជន<br>
  ដែលមានតំរូវការប្រតិបត្តិការច្រើនជាប្រចាំជាមួយធនាគារដែល<br>
  រួមមានសេវាប្រាក់បញ្ញើ សេវាដកប្រាក់ និងទូទាត់សាច់ប្រាក់ តាមរយ:មូលប្បទានប័ត្រ។</p>
<p><b>លក្ខណៈសម្គាល់និងអត្ថប្រយោជន៏ซ៖</b></p>
<ul>
  <li> អាចបើកគណនីជាប្រាក់ខ្មែររៀល ឬ ប្រាក់ដុល្លារសហរដ្ឋអាមេរិក </li>
  <li>ងាយស្រួលក្នុងការប្រើប្រាស់ជាមួយម៉ាស៊ីនដកប្រាក់ 24 ម៉ោង ក្នុង 1 ថ្ងៃ និង 7 ថ្ងៃក្នុង 1 សប្តាហ៏</li>
  <li>ទទួលបានកាត ATM របស់អ្នកភ្លាមៗ</li>
  <li> ទទួលបានរបាយការណ៍ប្រតិបត្តិការប្រចាំខែដោយឥតគិតថ្លៃ</li>
  <li> លោកអ្នកអាចធ្វើប្រតិបត្តិការតាមរយៈមូលប្បទានប័ត្រ</li>
  <li> គ្មានកំណត់លើចំនួនដងនៃការដកប្រាក់តាមរយៈម៉ាស៊ីនដក<br>
  ប្រាក់ធនាគារហុងលីអុង ឬ នៅបញ្ជរបេឡា</li>
</ul>
<p><b>លក្ខខណ្ឌនិងការកំណត់៖</b></p>
<ul>
  <li>អតិថិជនត្រូវមានអាយុចាប់ពី 18 ឆ្នាំឡើងទៅ</li>
  <li>ទឹកប្រាក់អប្បបរិមាបើកគណនីលើកដំបូងចាប់ពី 500 ដុល្លារអាមេរិក</li>
  <li>ទឹកប្រាក់អប្បបរិមារក្សាក្នុងគណនីត្រឹម10ដុល្លារ</li>
  <li>គណនីនេះអាចបើកជាលក្ខណៈបុគ្គល ឬ មិនបុគ្គល ឬ គណនីរួមបាន</li>
</ul>
<p><b>ឯកសារចាំបាច់ដើម្បីបើកគណនី៖</b></p>
<ul>
  <li>ឯកសារចម្បង៖<br>
    <br>
<ul>
      <li>អត្តសញ្ញាណប័ណ្ណសញ្ជាតិកម្ពុជា<br>
      </li>
      <li>ឬ លិខិតឆ្លងដែន<br>
        |
      </li>
    </ul>
  </li>
  <li>ក្នុងករណីអ្នកមិនមានឯកសារចម្បង សូមភ្ជាប់មកឯកសារចំនួន 2 ក្នុងចំណោមឯកសារបន្ទាប់បន្សំខាងក្រោម៖<br>
    <br>
<ul>
      <li>សំបុត្រកំណើត<br>
        </li>
      <li>សៀវភៅស្នាក់នៅ<br>
        </li>
      <li>លិខិតអាពាហ៏ពិពាហ៏<br>
        </li>
      <li>លិខិតស្នាក់នៅដែលចេញដោយរដ្ឋាភិបាល<br>
        </li>
      <li>សៀវភៅគ្រួសារដែលមានរូបថតសាមីខ្លួនជាមេគ្រួសារ<br>
        </li>
      <li>ប័ណ្ណបើកបរ</li>
    </ul>
  </li>
</ul>
<p>ក្នុងចំណោមឯកសារបន្ទាប់បន្សំទាំង 2 ខាងលើ មានមួយចាំបាច់<br>
  ត្រូវមានរូបថតសាមីខ្លួន។ ឧ. ប័ណ្ណបើកបរ និង សំបុត្រកំណើត។<br>
សូមទាក់ទងបុគ្គលិកយើងខ្ញុំចំពោះឯកសារសម្រាប់ការបើកគណនីលក្ខណៈមិនបុគ្គល។</p>

]]>
</tab>

</page>
</content>

