<content type="html" background="images/bg/bg2.jpg" image="images/content/about/side/fd.jpg">
<page title="ប្រាក់បញ្ញើមានកាលកំណត់">
<tab title="ត្រលប់ទៅទំព័រដើម"><![CDATA[
	<p>ប្រាក់បញ្ញើមានកាលកំណត់ត្រូវបានរចនាឡើងសម្រាប់អតិថិជនដែលមានបំណងទទួលបានការប្រាក់ខ្ពស់ក្នុងរយៈពេលជាក់លាក់<br>
មួយ។ អត្រាការប្រាក់នឹងទទួលបានខុសៗគ្នាទៅតាមរយៈពេល ដែលអ្នកជ្រើសរើស។</p>
<p><b>លក្ខណៈសម្គាល់និងអត្ថប្រយោជន៏៖</b></p>
<ul>
  <li>ទទួលបានវិញ្ញាបនប័ត្រប្រាក់បញ្ញើមានកាលកំណត់ភ្លាមៗ<br>
  នៅពេលដាក់ប្រាក់បញ្ញើ</li>
  <li>ទទួលបានការប្រាក់ខ្ពស់</li>
</ul>
<p><b>ប្រភេទរយៈពេលនៃប្រាក់បញ្ញើ៖</b></p>
<ul>
  <li>1 ខែ</li>
  <li>3 ខែ</li>
  <li>6 ខែ</li>
  <li>9 ខែ</li>
  <li>12 ខែ</li>
  <li>18 ខែ</li>
</ul>
<p><b>លក្ខខណ្ឌនិងការកំណត់៖</b></p>
<ul>
  <li>អតិថិជនត្រូវមានអាយុចាប់ពី 18 ឆ្នាំឡើងទៅ</li>
  <li>ទឹកប្រាក់អប្បបរិមាក្នុងការដាក់បញ្ញើលើកដំបូងចាប់ពី 1,000 ដុល្លារអាមេរិកសម្រាប់រយៈពេលពី 1 ខែ រហូតដល់ 12 ខែ</li>
  <li>ទឹកប្រាក់អប្បបរិមាក្នុងការដាក់បញ្ញើលើកដំបូងចាប់ពី 10,000 ដុល្លារអាមេរិកសម្រាប់រយៈពេល 18 ខែ</li>
  <li>ប្រាក់បញ្ញើនេះអាចបើកជាលក្ខណៈបុគ្គល ឬ មិនបុគ្គល ឬ គណនីរួមបាន</li>
</ul>
<p><b>ឯកសារចាំបាច់ដើម្បីដាក់ប្រាក់បញ្ញើមានកាលកំណត់៖</b></p>
<ul>
  <li>ឯកសារចម្បង៖<br>
    <br>
<ul>
      <li>អត្តសញ្ញាណប័ណ្ណសញ្ជាតិកម្ពុជា<br>
      </li>
      <li>ឬ លិខិតឆ្លងដែន</li>
    </ul>
  </li>
</ul>
<ul>
  <li>ក្នុងករណីអ្នកមិនមានឯកសារចម្បង សូមភ្ជាប់មកឯកសារចំនួន 2 ក្នុងចំណោមឯកសារបន្ទាប់បន្សំខាងក្រោម៖<br>
    <br>
<ul>
      <li>សំបុត្រកំណើត<br>
        </li>
      <li>សៀវភៅស្នាក់នៅ<br>
        </li>
      <li>លិខិតអាពាហ៏ពិពាហ៏<br>
        </li>
      <li>លិខិតស្នាក់នៅដែលចេញដោយរដ្ឋាភិបាល<br>
        </li>
      <li>សៀវភៅគ្រួសារដែលមានរូបថតសាមីខ្លួនជាមេគ្រួសារ<br>
        </li>
      <li>ប័ណ្ណបើកបរ</li>
    </ul>
  </li>
</ul>
<p>ក្នុងចំណោមឯកសារបន្ទាប់បន្សំទាំង 2 ខាងលើមានមួយចាំបាច់ត្រូវមានរូបថតសាមីខ្លួន ។ ឧ. ប័ណ្ណបើកបរ និង សំបុត្រកំណើត។<br>
សូមទាក់ទងបុគ្គលិកយើងខ្ញុំចំពោះឯកសារសម្រាប់ការដាក់ប្រាក់បញ្ញើលក្ខណៈមិនបុគ្គល។</p>

]]>
	</tab>
</page>
</content>