<content type="html" background="images/bg/bg2.jpg" image="images/content/about/side/priority.jpg">
<page title="គណនីសេវាអាទិភាព">
<tab title="ត្រលប់ទៅទំព័រដើម"><![CDATA[
	<p>ទទួលយកបទពិសោធន៏សេវាអាទិភាពពិសេសល្អឥតខ្ចោះជាមួយធនាគារ<br>
  ហុងលីអុង ដោយធនាគារយើងខ្ញុំចាត់តាំងប្រធានទំនាក់ទំនងជំនាញម្នាក់<br>
  សម្រាប់លោកអ្នក បន្ថែមលើក្រុមការងារពិសេសសម្រាប់ផ្តល់ប្រឹក្សា យោបល់ និង ជាជំនួយការក្នុងការងារហិរញ្ញវត្ថុរបស់លោកអ្នក។</p>
<p>សេវាអាទិភាពរបស់ធនាគារហុងលីអុងយើងខ្ញុំធានាផ្តល់ជូនលោកអ្នកនូវ<br>
សេវាធនាគារលំដាប់ខ្ពស់ដើម្បីឆ្លើយតបទៅនឹងតំរូវការជាអាទិភាពក្នុង ជីវភាពរស់នៅនិង ទទួលបានជោគជ័យក្នុងហិរញ្ញវត្ថុ ដែលធ្វើអោយការ រស់នៅរបស់លោកអ្នកកាន់តែប្រសើរឡើង។</p>
<p>សមាជិកភាពពិសេសរបស់អតិថិជនជាមួយសេវាអាទិភាពមិនត្រឹមតែជា<br>
  បែបបទនៃទំនាក់ទំនងធនាគារប៉ុណ្ណោះទេ ប៉ុន្តែវាជាបែបបទនៃជីវភាព <br>
  ជាមួយផលប្រយោជន៍នៃកំរិតស្តង់ដារដូចជា ការផ្តល់ជូននូវការបញ្ចុះតំលៃ<br>
  ក្នុងការស្នាក់នៅសណ្ឋាគារប្រណិត ភោជនីយដ្ឋានល្បីៗ SPA កន្លែង<br>
  ហាត់ប្រាណនិង វាយកូនហ្គោលជាលក្ខណៈឯកជន និង ច្រើនជាងនេះ។</p>
<p><b>យើងខ្ញុំផ្តល់ជូនអត្ថប្រយោជន៏ដូចជា៖</b></p>
<ul>
  <li>មានភាពងាយស្រួលជាមួយសេវាកម្មម៉ាស៊ីនដកប្រាក់ 24 ម៉ោង</li>
  <li>ទទួលបានកាត ATM ភ្លាមៗនៅពេលបើកគណនី</li>
  <li>ការប្រាក់ត្រូវបានគណនាលើសមតុល្យប្រចាំថ្ងៃ</li>
  <li>ផ្តល់ជូនឥណទានវិបារូបរ៍តាមរយៈការព្រមព្រៀង</li>
  <li>ផ្តល់ជូនសៀវភៅមូលប្បទានប័ត្រមួយក្បាលក្នុងមួយខែដោយឥតគិតថ្លៃ ដែលមាន 25 សន្លឹកក្នុងមួយក្បាល</li>
  <li> ទទួលបានរបាយការណ៏ប្រចាំខែដោយឥតគិតថ្លៃ</li>
</ul>
<p><b>លក្ខខណ្ឌនិងការកំណត់៖</b></p>
<ul>
  <li> អតិថិជនត្រូវមានអាយុចាប់ពី 18 ឆ្នាំឡើងទៅ<br>
    </li>
  <li>ទឹកប្រាក់អប្បបរិមាក្នុងការបើកគណនីលើកដំបូងចាប់ពី 50,000  ដុល្លារអាមេរិក<br>
    </li>
  <li>ទឹកប្រាក់អប្បបរិមាទឹកប្រាក់ក្នុងគណនីគឺ 25,000 ដុល្លារអាមេរិក<br>
    </li>
  <li>គណនីនេះអាចបើកជាលក្ខណៈបុគ្គល ឬ រួមបាន</li>
</ul>
<p><b>ឯកសារចាំបាច់ដើម្បីបើកគណនី៖</b></p>
<ul>
  <li> ឯកសារចម្បង៖<br>
    <br>
<ul>
      <li>អត្តសញ្ញាណប័ណ្ណសញ្ជាតិកម្ពុជា<br>
      </li>
      <li>ឬ លិខិតឆ្លងដែន<br>
        <br>
      </li>
    </ul>
  </li>
  <li>ក្នុងករណីអ្នកមិនមានឯកសារចម្បង សូមភ្ជាប់មកឯកសារចំនួន 2 ក្នុងចំណោមឯកសារបន្ទាប់បន្សំខាងក្រោម៖<br>
    <br>
<ul>
      <li>សំបុត្រកំណើត<br>
</li>
      <li>សៀវភៅស្នាក់នៅ<br>
        </li>
      <li>លិខិតអាពាហ៏ពិពាហ៏<br>
        </li>
      <li>លិខិតស្នាក់នៅដែលចេញដោយរដ្ឋាភិបាល<br>
        </li>
      <li>សៀវភៅគ្រួសារដែលមានរូបថតសាមីខ្លួនជាមេគ្រួសារ<br>
        </li>
      <li>ប័ណ្ណបើកបរ</li>
    </ul>
  </li>
</ul>
<p> ក្នុងចំណោមឯកសារបន្ទាប់បន្សំទាំង 2 ខាងលើ មានមួយចាំបាច់ត្រូវមានរូបថតសាមីខ្លួន។ ឧ. ប័ណ្ណបើកបរ និង សំបុត្រកំណើត។</p>

]]>
	</tab>
</page>
</content>