<content type="html" background="images/bg/bg2.jpg" image="images/content/about/side/savings.jpg">
<page title="គណនីប្រាក់សន្សំ">
<tab title="ត្រលប់ទៅទំព័រដើម"><![CDATA[
	<p>គណនីប្រាក់សន្សំបានរចនាឡើងសម្រាប់អតិថិជនដែលមានតម្រូវការសន្សំប្រាក់ដោយមិនមានការកំណត់ពេលវេលា។</p>
<p><b>លក្ខណៈសម្គាល់និងអត្ថប្រយោជន៏៖</b></p>
<ul>
  <li>អាចបើកគណនីជាប្រាក់ខ្មែររៀល ឬ ប្រាក់ដុល្លារសហរដ្ឋអាមេរិក <br>
    </li>
  <li>ការប្រាក់ត្រូវបានគណនាប្រចាំថ្ងៃ<br>
    </li>
  <li>មានភាពងាយស្រួលក្នុងការធ្វើប្រតិបតិ្តការគណនីរបស់អ្នក<br>
    តាមរយៈបណ្តាញសាខាធនាគារ<br>
    </li>
  <li>ដកប្រាក់ដោយឥតគិតថ្លៃបានម្តងក្នុង 1 ខែ<br>
    </li>
  <li>ទទួលបានសៀវភៅគណនីប្រាក់សន្សំភ្លាមៗ</li>
</ul>
<p><b>លក្ខខណ្ឌនិងការកំណត់៖</b></p>
<ul>
  <li>អតិថិជនត្រូវមានអាយុចាប់ពី 18 ឆ្នាំឡើងទៅ<br>
  </li>
  <li>ទឹកប្រាក់អប្បបរិមាក្នុងការបើកគណនីលើកដំបូងចាប់ពី 100 ដុល្លារអាមេរិក<br>
  </li>
  <li>ទឹកប្រាក់អប្បបរិមារក្សាក្នុងគណនីត្រឹម 10 ដុល្លារអាមេរិក<br>
  </li>
  <li>គណនីនេះអាចបើកជាលក្ខណៈបុគ្គល ឬ គណនីរួមបាន</li>
</ul>
<p><b>ឯកសារចាំបាច់ដើម្បីបើកគណនី៖</b></p>
<ul>
  <li>ឯកសារចម្បង៖<br>
    <br>
    <ul>
      <li>អត្តសញ្ញាណប័ណ្ណសញ្ជាតិកម្ពុជា<br>
      </li>
      <li>ឬ លិខិតឆ្លងដែន<br>
        <br>
      </li>
    </ul>
  </li>
  <li>ក្នុងករណីអ្នកមិនមានឯកសារចម្បង សូមភ្ជាប់មកឯកសារចំនួន 2 ក្នុងចំណោមឯកសារបន្ទាប់បន្សំខាងក្រោម៖<br>
    <br>
    <ul>
      <li>សំបុត្រកំណើត<br>
        </li>
      <li>សៀវភៅស្នាក់នៅ<br>
        </li>
      <li>លិខិតអាពាហ៏ពិពាហ៏<br>
        </li>
      <li>លិខិតស្នាក់នៅដែលចេញដោយរដ្ឋាភិបាល<br>
        </li>
      <li>សៀវភៅគ្រួសារដែលមានរូបថតសាមីខ្លួនជាមេគ្រួសារ<br>
        </li>
      <li>ប័ណ្ណបើកបរ</li>
    </ul>
  </li>
</ul>
<p> ក្នុងចំណោមឯកសារបន្ទាប់បន្សំទាំង 2 ខាងលើ មានមួយ<br>
ចាំបាច់ត្រូវមានរូបថតសាមីខ្លួន ។ ឧ. ប័ណ្ណបើកបរ និង សំបុត្រកំណើត។</p>

]]>
	</tab>
</page>
</content>