<content type="html" background="images/bg/bg2.jpg" image="images/content/about/side/consumer_lending.jpg">
<page title="សេវាធនាគារឥណទានសម្រាប់អតិថិជនបុគ្គល">
<tab title="ត្រលប់ទៅទំព័រដើម"><![CDATA[
<p>ធនាគារហុងលីអុងផ្តល់ជូនឥណទានជាច្រើនប្រភេទដើម្បីឆ្លើយតបទៅនឹងតម្រូវការរបស់<br>
  អតិថិជនជាមួយនឹងអត្រាការប្រាក់ពិសេស។<br>
  សេវាឥណទានយើងខ្ញុំរួមមាន៖</p>
<ul>
  <li>ឥណទានទិញផ្ទះ<br>
  </li>
  <li>ឥណទានទិញផ្ទះសម្រាប់វិនិយោគ<br>
  </li>
  <li>ឥណទានកែលម្អជីវភាព<br>
  </li>
  <li>ឥណទានអចលនវត្ថុពាណិជ្ជកម្ម</li>
</ul>
<p><b>ឥណទានទិញផ្ទះ</b></p>
<p>ប្រសិនបើលោកអ្នកកំពុងពិចារណាអំពីការទិញផ្ទះសំរាប់ការរស់នៅ លោកអ្នក<br>
  គួរជ្រើសរើសឥណទានទិញផ្ទះរបស់ធនាគារ ហុងលីអុងដែលមានលទ្ធភាព<br>
  ផ្តល់នូវចំនួនសាច់ប្រាក់យ៉ាងឆាប់រហ័ស។ ឥណទាននេះបានរចនាឡើងដើម្បីធ្វើ<br>
  អោយជីវិតរបស់លោកអ្នកកាន់តែងាយស្រួល។ <br>
  អតិថិជនអាចទិញផ្ទះ ដែលសាងសង់រួច ឬ កំពុងសាងសង់ ឬ ដីទំនេរជាលក្ខណៈ រស់នៅ និង អាចធ្វើការផ្ទេរឥណទានដែលអ្នកកំពុងមានជាមួយស្ថាប័នផ្សេងៗ។<br>
លក្ខណៈសម្គាល់និងអត្ថប្រយោជន៏៖</p>
<ul>
  <li>ទំហំឥណទានអាចទទួលបានរហូតដល់ 70% នៃតម្លៃទ្រព្យដាក់បញ្ចាំរបស់លោក<br>
    អ្នក(ដីនិងផ្ទះ) ឬដីលំនៅដ្ឋានអាចទទួលបាន 50% នៃតម្លៃទ្រព្យ។<br>
    </li>
  <li>រយៈពេលឥណទានអាចទទួលបានរហូតដល់ 20 ឆ្នាំ ដែលមានន័យថាប្រាក់បង់<br>
  </li>
  <li>ប្រចាំខែទាបជាងធនាគារដទៃ<br>
    អត្រាការប្រាក់ពិសេសអាចជួយឲ្យអ្នកសន្សំបានច្រើនពីការចំណាយការប្រាក់ប្រចាំខែ</li>
</ul>
<p><b>ឥណទានទិញផ្ទះសម្រាប់វិនិយោគ</b></p>
<p>ការទិញឬសាងសង់ផ្ទះសំរាប់ការវិយោគគឺវិធីសាស្រ្តមួយដ៏ប្រសើរដើម្បីបង្កើនទ្រព្យ<br>
  សម្បត្តិ។ ធនាគារ ហុង លីអុង អាចជួយអ្នកឈានទៅដល់គោលដៅបាន។ យើងខ្ញុំមានប្រធានទំនាក់ទំនងដែលមានជំនាញដើម្បីជួយអតិថិជនក្នុងការដាក់ពាក្យស្នើសុំ<br>
ឥណទានឲ្យបានឆាប់រហ័ស។លក្ខណៈសម្គាល់និងអត្ថប្រយោជន៏៖</p>
<ul>
  <li>ទំហំឥណទានអាចទទួលបានរហូតដល់ 70% នៃតម្លៃទ្រព្យដាក់បញ្ចាំរបស់លោក<br>
  អ្នក(ដីនិងផ្ទះ)</li>
  <li>រយៈពេលឥណទានអាចទទួលបានរហូតដល់ 20 ឆ្នាំ ដែលមានន័យថាប្រាក់បង់<br>
  ប្រចាំខែទាបជាងធនាគារដទៃ</li>
  <li> អត្រាការប្រាក់ពិសេសអាចជួយឲ្យអ្នកសន្សំបានច្រើនពីការចំណាយការប្រាក់ប្រចាំខែ</li>
</ul>
<p><b>ឥណទានកែលម្អជីវភាព</b><br>
  <br>
  សេវាកម្មឥណទានកែលម្អជីវភាពរបស់ធនាគារហុងលីអុងយើងខ្ញុំ នឹង ជួយកែលម្អជីវភាព<br>
  អ្នកនិងគ្រួសារអ្នកអោយកាន់តែប្រសើរឡើងដែលឥណទាននេះសាកសមប្រើប្រាស់ក្នុង<br>
  ការកែលម្អផ្ទះ ឬ សម្ភារៈក្នុងផ្ទះ ឬ តម្រូវការប្រើប្រាស់ផ្ទាល់ខ្លួនផ្សេងៗដូចជារថយន្ត ការសិក្សា និងសុខភាពជាដើម។ <br>
លក្ខណៈសម្គាល់និងអត្ថប្រយោជន៏៖</p>
<ul>
  <li>ទំហំឥណទានអាចទទួលបានរហូតដល់ 7០% នៃតម្លៃទ្រព្យដាក់បញ្ចាំរបស់លោក<br>
  អ្នក(ដីនិងផ្ទះ)</li>
  <li> រយៈពេលឥណទានអាចទទួលបានរហូតដល់ 10 ឆ្នាំ ដែលមានន័យថាប្រាក់បង់<br>
  ប្រចាំខែទាបជាងធនាគារដទៃ</li>
  <li>អត្រាការប្រាក់ពិសេសអាចជួយឲ្យអ្នកសន្សំបានច្រើនពីការចំណាយការប្រាក់ប្រចាំខែ</li>
</ul>
<p><b>ឥណទានអចលនវត្ថុពាណិជ្ជកម្ម</b><br>
  <br>
  ជាប្រភេទឥណទានសម្រាប់អតិថិជនដែលមានតម្រូវការទិញអចលនវត្ថុ <br>
  ហាង សម្រាប់ការប្រើប្រាស់ផ្ទាល់ខ្លួន ក៏ដូចជាក្នុងគោលបំណងវិនិយោគ ឬ ក្នុងគោលបំណងទូទាត់សង ឥណទានពីស្ថាប័នហិរញ្ញវត្ថុដទៃ។<br>
លក្ខណៈសម្គាល់និងអត្ថប្រយោជន៏៖</p>
<ul>
  <li>ទំហំឥណទានអាចទទួលបាន រហូតដល់ 70% នៃតម្លៃអចលនវត្ថុរបស់អតិថិជន (ដី និង អគារ)</li>
  <li>រយៈពេលឥណទានអាចទទួលបានរហូតដល់ 10 ឆ្នាំ ដែលមានន័យថាប្រាក់បង់<br>
  ប្រចាំខែទាបជាងធនាគារដទៃ</li>
  <li>អត្រាការប្រាក់ពិសេសអាចជួយឲ្យអ្នកសន្សំបានច្រើនពីការចំណាយការប្រាក់ប្រចាំខែ<b><br>
    </b><br>
  </li>
</ul>

]]>
</tab>

</page>
</content>