<content type="html" background="images/bg/bg2.jpg" image="images/content/about/side/trade_services.jpg">
<page title="សេវាហិរញ្ញប្បទានពាណិជ្ជកម្ម">
<tab title="ត្រលប់ទៅទំព័រដើម"><![CDATA[
ជាមួយបណ្តាញភ្នាក់ងារធនាគាររបស់យើងខ្ញុំទូទាំងពិភពលោក សេវាកម្មពាណិជ្ជកម្មរបស់ធនាគារ ហុង លីអុង មានលទ្ធភាព<br>
គ្រប់គ្រាន់ដើម្បីបំពេញនូវតម្រូវការរបស់អតិថិជនដែលអាចភ្ជាប់ទៅទីផ្សារពិភពលោក។ 
<p>សេវាកម្មពាណិជ្ជកម្ម របស់ ធនាគារ ហុង លីអុង ជាដៃគូក្នុងការ<br>
  បំពេញតម្រូវការរបស់លោកអ្នក មិនថាជាតម្រូវការហិរញ្ញប្បទាន<br>
  ពាណិជ្ជកម្ម ឬ តម្រូវការពង្រីកអាជីវកម្ម។ យើងខ្ញុំមានលទ្ធភាព<br>
  ផ្តល់ប្រឹក្សាយោបល់តាមរយៈផលិតផលពាណិជ្ជកម្មយ៉ាងទូលំ<br>
ទូលាយ ដើម្បីជួយដល់អតិថិជនក្នុងសកម្មភាពពាណិជ្ជកម្ម។</p>
<p>ក្នុងនាមជាធនាគារឈានមុខគេមួយក្នុងប្រទេស ម៉ាឡេស៊ី និង បច្ចុប្បន្នមានវត្តមាននៅប្រទេសកម្ពុជា យើងខ្ញុំជាធនាគារដែលប្រតិបត្តិការផ្អែកលើទំនាក់ទំនងភ្ជាប់ជាមួយនឹងក្រុមអ្នកជំនាញ និង មានបទពិសោធន៍ខ្ពស់ក្នុងវិស័យហិរញ្ញប្បទានពាណិជ្ជកម្ម។ ធនាគារបានពង្រីកក្នុងតំបន់ និង ប្រទេសដទៃ រួមមាន ប្រទេសចិន<br>
  សាំងហ្គារពួរ ហុងកុង និង វៀតណាម ព្រមទាំងបានផ្តល់ផលិតផល និង សេវាកម្មហិរញ្ញប្បទានពាណិជ្ជកម្មយ៉ាងទូលំទូលាយ។</p>
<p><b>ផលិតផលនិងសេវាពាណិជ្ជកម្ម</b></p>
<ul>
  <li>លិខិតឥណទាន(នាំចូល/នាំចេញ)<br>
    </li>
  <li>លិខិតធានាដឹកជញ្ជូន<br>
    </li>
  <li>សក្ខីប័ណ្ណឥណទាន<br>
    </li>
  <li>រូបិយាណត្តិក្នុងស្រុកនិង បរទេស<br>
    </li>
  <li>លិខិតធានាធនាគារ<br>
  </li>
  <li>បេឡានិច័យ (Inward / Outward)<br>
    </li>
  <li>លិខិតឥណទានអចិន្ត្រៃយ៏<br>
    </li>
  <li>ហិរញ្ញប្បទានវិក័យប័ត្រ</li>
</ul>

]]>
</tab>

</page>
</content>