<content type="html" background="images/bg/bg2.jpg" image="images/content/about/side/treasury_services.jpg">
<page title="សេវារតនាគារ">
<tab title="ត្រលប់ទៅទំព័រដើម"><![CDATA[
<p>សេវាកម្មរតនាគាររបស់ធនាគារ ហុង លីអុង ត្រូវបានបង្កើតឡើង ដើម្បីឆ្លើយតបនឹងតម្រូវការ សាជីវកម្ម ស្ថាប័ន និង វិនិយោគិន ឯកជន ទាំងក្នុងប្រទេស និង អន្តរជាតិ ស្ថាប័នហិរញ្ញវត្ថុ និង សមាជិកទីផ្សារដទៃទៀត។ ធនាគារអាចផ្តល់នូវដំណោះស្រាយ<br>
  ប្រកបដោយប្រសិទិ្ធភាពដើម្បីឆ្លើយតបទៅតាមតម្រូវការជាក់ស្តែង<br>
  របស់អតិថិជន និង ផ្តល់ជូននូវព័តមានភ្លាមៗ និង អត្រាប្រកួតប្រជែង<br>
  របស់ផលិតផលហិរញ្ញវត្ថុ។</p>
<p>ការិយាល័យនៅភ្នំពេញគឺជាផ្នែកបំពេញបន្ថែមលើប្រតិបត្តិការ<br>
  រតនាគារនៅទីក្រុងកូឡាឡាំពួរ សាំងហ្គាពួរ ហុងកុង និង វៀតណាម។ ដោយមានការជួយគាំទ្រយ៉ាងខ្លាំងពី ហុង លីអុង គ្រុប និង ទំនាក់ទំនងដ៏ល្អរបស់យើងខ្ញុំជាមួយបណ្តាញធំៗនៃ<br>
  ធនាគារអន្តរជាតិ យើងខ្ញុំមានលទ្ធភាពក្នុងការផ្តល់នូវសមត្ថភាព<br>
  ប្រតិបត្តិការជាសាកលដល់អតិថិជន។</p>
<p><b>ផលិតផលនិងសេវាកម្ម</b></p>
<p>FX Spots <br>
  កិច្ចសន្យា (FX Spots) គឺជាការព្រមព្រៀងក្នុងការទិញ ឬ លក់ រូបិយប័ណ្ណ ដែលអាចធើ្វប្រតិបត្តិការក្នុងរយៈពេល 2 ថ្ងៃ <br>
  នៃថ្ងៃបន្ទាប់ពីថ្ងៃចុះកិច្ចសន្យា។ កាលបរិចេ្ឆទតម្លៃលើកិច្ចសន្យា<br>
អាចដូចគ្នានឹងថ្ងៃប្រតិបតិ្តការ ឬ ថ្ងៃបន្ទាប់ នៃអាជីវកម្មផងដែរ។</p>
<p><br>
  <b>អតិថិជនចម្បង</b></p>
<ul>
  <li> ជាសាជីវកម្ម អ្នកនាំចូល អ្នកនាំចេញ និងឯកត្តបុគ្គល ដែលមាន តម្រូវការក្នុងការដោះដូរពីរូបិយប័ណ្ណមួយទៅរូបិយប័ណ្ណមួយ។</li>
</ul>
<p>FX Forwards <br>
  FX Forwards គឺជាការព្រមព្រៀងតាមរយៈកិច្ចសន្យាដើម្បីទិញ ឬ លក់ នូវចំនួនច្បាស់លាស់នៃរូបិយប័ណ្ណបរទេសណាមួយ ជាមួយ<br>
  រូបិយប័ណ្ណណាមួយផ្សេងទៀត។នេះគឺជាវិធីសាស្រ្តដែល<br>
  អាចជំរុา่ញអោយអតិថិជនមានលទ្ធភាពគ្រប់គ្រងអត្រាប្តូរប្រាក់<br>
  រូបិយប័ណ្ណបរទេស។</p>
<p><b>អតិថិជនចម្បង</b></p>
<ul>
  <li>ជាសាជីវកម្ម អ្នកនាំចូល និង អ្នកនាំចេញ ដែលចុះកិច្ចសន្យា ក្នុងការទិញយកអត្រាប្តូរប្រាក់រូបិយប័ណ្ណបរទេសបច្ចុប្បន្ន ជាមួយនឹងអត្រាប្តូរប្រាក់អនាគត។</li>
</ul>
<p><b>រយៈពេលនៃ FX Forwards </b></p>
<ul>
  <li>កាលបរិច្ឆេទកំណត់មិនត្រូវច្រើនជាង 12 ខែ បន្ទាប់ពីកាល បរិចេ្ឆទនៃកិច្ចព្រមព្រៀង។</li>
</ul>

]]>
</tab>

</page>
</content>